dataset,sample_size_20,sample_size_80,sample_size_150
BLAT_ECOLX_Jacquier_2013.csv,0.6954661981826256,0.6525112952045761,0.6831923183772248
