dataset,sample_size_20,sample_size_80,sample_size_150
CALM1_HUMAN_Weile_2017.csv,0.22163080110257474,0.2466457551238037,0.23076833724507814
