dataset,sample_size_20,sample_size_80,sample_size_150
DLG4_RAT_McLaughlin_2012.csv,0.5223225969781008,0.5416953699375067,0.49999034573735734
