dataset,sample_size_20,sample_size_80,sample_size_150
DYR_ECOLI_Thompson_2019.csv,0.4907597315869471,0.5093321617294467,0.4453375510101963
