dataset,sample_size_20,sample_size_80,sample_size_150
P53_HUMAN_Giacomelli_2018_WT_Nutlin.csv,0.5296266460866681,0.5294166600944773,0.5654161188680433
