dataset,sample_size_20,sample_size_80,sample_size_150
REV_HV1H2_Fernandes_2016.csv,0.3485894055328063,0.2738005894813615,0.2275635750736792
