dataset,sample_size_20,sample_size_80,sample_size_150
RL40A_YEAST_Roscoe_2013.csv,0.6293984189071337,0.6454081775770457,0.5851709200054543
