dataset,sample_size_20,sample_size_80,sample_size_150
TAT_HV1BR_Fernandes_2016.csv,0.49569942746632667,0.4188891605208401,0.48658973104799613
