dataset,sample_size_20,sample_size_40,sample_size_60,sample_size_80,sample_size_100
A0A1I9GEU1_NEIME_Kennouche_2019.csv,0.06587482811569875,0.10898458119213918,0.11049033168872974,0.06323392802640772,0.06397771439933629
