dataset,sample_size_20,sample_size_40,sample_size_60,sample_size_80,sample_size_100
A0A2Z5U3Z0_9INFA_Doud_2016.csv,0.5766158184500204,0.5586411349138353,0.5743203873721374,0.5727512193998018,0.5755623368360657
