dataset,sample_size_20,sample_size_40,sample_size_60,sample_size_80,sample_size_100
A0A2Z5U3Z0_9INFA_Wu_2014.csv,0.413941446454835,0.4168053416884358,0.41242339090091684,0.4295609025508301,0.46025580670766103
