dataset,sample_size_20,sample_size_40,sample_size_60,sample_size_80,sample_size_100
A0A247D711_LISMN_Stadelmann_2021.csv,0.24399097466753872,0.2937146706213954,0.28976623291957,0.2888144431278482,0.2606033401878248
