dataset,sample_size_20,sample_size_40,sample_size_60,sample_size_80,sample_size_100
A4_HUMAN_Seuma_2022.csv,0.3639943237612948,0.3797896645331536,0.3865936054401915,0.344694969794708,0.3809847427060084
