dataset,sample_size_20,sample_size_40,sample_size_60,sample_size_80,sample_size_100
A4GRB6_PSEAI_Chen_2020.csv,0.6741211348345836,0.6729585332023542,0.6740804201330243,0.6791701730077347,0.6746960388982591
