dataset,sample_size_20,sample_size_40,sample_size_60,sample_size_80,sample_size_100
AACC1_PSEAI_Dandage_2018.csv,0.4486108784620578,0.48109432508922645,0.443576103070362,0.4493270595301651,0.44083978599784707
