dataset,sample_size_20,sample_size_40,sample_size_60,sample_size_80,sample_size_100
ACE2_HUMAN_Chan_2020.csv,0.2746503834545353,0.28290285637538803,0.2811131167847458,0.274824502015902,0.28010437100073887
