dataset,sample_size_20,sample_size_40,sample_size_60,sample_size_80,sample_size_100
ADRB2_HUMAN_Jones_2020.csv,0.5146053719066018,0.5248564746209333,0.5154020969039991,0.5249619213868578,0.5251218435910752
