dataset,sample_size_20,sample_size_40,sample_size_60,sample_size_80,sample_size_100
AICDA_HUMAN_Gajula_2014_3cycles.csv,0.39965652815596975,0.4084035726894945,0.4005590349513603,0.4157305591373811,0.40860888229223746
