dataset,sample_size_20,sample_size_40,sample_size_60,sample_size_80,sample_size_100
ANCSZ_Hobbs_2022.csv,0.5985359250291303,0.604558281609377,0.6285460497206181,0.6295137049956879,0.6298423602708146
