dataset,sample_size_20,sample_size_40,sample_size_60,sample_size_80,sample_size_100
ARGR_ECOLI_Tsuboyama_2023_1AOY.csv,0.62954466254799,0.6553960264933271,0.626202613312151,0.6244039539773121,0.6360345695948681
