dataset,sample_size_20,sample_size_40,sample_size_60,sample_size_80,sample_size_100
B2L11_HUMAN_Dutta_2010_binding-Mcl-1.csv,0.8891532945300189,0.8662893526706754,0.8768691513650833,0.8623661446441778,0.8990899443676238
