dataset,sample_size_20,sample_size_40,sample_size_60,sample_size_80,sample_size_100
BBC1_YEAST_Tsuboyama_2023_1TG0.csv,0.6334970718633761,0.6372783651152167,0.6570699539818364,0.6568657394853277,0.656678288865398
