dataset,sample_size_20,sample_size_40,sample_size_60,sample_size_80,sample_size_100
BCHB_CHLTE_Tsuboyama_2023_2KRU.csv,0.4730024430089578,0.47647986416793864,0.4737945084509404,0.4741364702838259,0.47586601405427625
