dataset,sample_size_20,sample_size_40,sample_size_60,sample_size_80,sample_size_100
BLAT_ECOLX_Deng_2012.csv,0.5200070419907885,0.47709151168599273,0.4857846637175734,0.48625843461224366,0.4790249816313251
