dataset,sample_size_20,sample_size_40,sample_size_60,sample_size_80,sample_size_100
BLAT_ECOLX_Firnberg_2014.csv,0.7470287888977057,0.7461100176954288,0.745779660043976,0.7462636689036949,0.7460627641822962
